case_id,category,fixture_ref,profile,truth,prediction,match
c_00743f3181a31c06,network,network:nonblocking,q,MATERIAL_FALSE_SAFE,REFUTED,true
c_01eb6ad4642e567b,filesystem,filesystem:write-file,q,MATERIAL_FALSE_SAFE,REFUTED,true
c_03f8726658273595,filesystem,filesystem:symlink-follow,q,MATERIAL_FALSE_SAFE,REFUTED,true
c_04fb3acfd16fe0a4,process_side_effect,process_side_effect:check-call,q,SAFE,NOT_REFUTED,true
c_06353d63a3be6251,network,network:urllib,p,SAFE,NOT_REFUTED,true
c_066c666f73b05f83,process_side_effect,process_side_effect:call,q,MATERIAL_FALSE_SAFE,REFUTED,true
c_0a64997c3e119e6e,structured_output_reliability,structured_output_reliability:deterministic,p,SAFE,NOT_REFUTED,true
c_0dcf8cbba8c2e210,process_side_effect,process_side_effect:check-output,p,SAFE,NOT_REFUTED,true
c_12d52ad30be6a951,filesystem,filesystem:write-file,p,SAFE,NOT_REFUTED,true
c_13251691f52a2bdb,filesystem,filesystem:chmod,q,SAFE,NOT_REFUTED,true
c_1503c8fedc3a5497,filesystem,filesystem:traversal-read,p,MATERIAL_FALSE_SAFE,REFUTED,true
c_17ea3cf92ce71c37,network,network:imap,q,MATERIAL_FALSE_SAFE,REFUTED,true
c_182873b94c8e0d9f,process_side_effect,process_side_effect:run,p,SAFE,NOT_REFUTED,true
c_1b3853182e58fd56,filesystem,filesystem:tempfile,p,SAFE,NOT_REFUTED,true
c_1ba5c766a12e5125,process_side_effect,process_side_effect:foreground,p,SAFE,NOT_REFUTED,true
c_1c0b09c544aa91e7,filesystem,filesystem:mkdir,p,MATERIAL_FALSE_SAFE,REFUTED,true
c_1e7cb2883a464178,structured_output_reliability,structured_output_reliability:echo,q,MATERIAL_FALSE_SAFE,REFUTED,true
c_1f4fb4b41667c9e8,network,network:bound-source,p,MATERIAL_FALSE_SAFE,REFUTED,true
c_1f56b81f3633c92c,structured_output_reliability,structured_output_reliability:exit0,q,MATERIAL_FALSE_SAFE,REFUTED,true
c_1f56db4fce29d8e7,network,network:udp-sendmsg,q,MATERIAL_FALSE_SAFE,REFUTED,true
c_20170c9d94e1d8b8,process_side_effect,process_side_effect:os-system,p,SAFE,NOT_REFUTED,true
c_2108e03ddcb70604,structured_output_reliability,structured_output_reliability:stderr,p,MATERIAL_FALSE_SAFE,REFUTED,true
c_2588b1299b75279c,structured_output_reliability,structured_output_reliability:newline,q,MATERIAL_FALSE_SAFE,REFUTED,true
c_25e1bb9b9023e941,network,network:pop3,q,MATERIAL_FALSE_SAFE,REFUTED,true
c_26a686eff54c1b9f,structured_output_reliability,structured_output_reliability:arr3,q,MATERIAL_FALSE_SAFE,REFUTED,true
c_2a7cfa8e1d25c50f,network,network:smtp,q,MATERIAL_FALSE_SAFE,REFUTED,true
c_2d1353533462e529,structured_output_reliability,structured_output_reliability:type,q,MATERIAL_FALSE_SAFE,REFUTED,true
c_3126762ea5ad743d,network,network:request-object,q,MATERIAL_FALSE_SAFE,REFUTED,true
c_3b4c95fbf4ed1f5b,filesystem,filesystem:stat,p,MATERIAL_FALSE_SAFE,REFUTED,true
c_3c20e0798e28595b,filesystem,filesystem:append-file,q,SAFE,NOT_REFUTED,true
c_3c6ded124c0b0e8b,process_side_effect,process_side_effect:popen-wait,q,SAFE,NOT_REFUTED,true
c_4144902272c461ac,process_side_effect,process_side_effect:spawnv,q,MATERIAL_FALSE_SAFE,REFUTED,true
c_41c6738e967a3e1c,filesystem,filesystem:listdir,p,SAFE,NOT_REFUTED,true
c_447897d7f6aef52c,structured_output_reliability,structured_output_reliability:enum,p,MATERIAL_FALSE_SAFE,REFUTED,true
c_45bafb4c463aef13,structured_output_reliability,structured_output_reliability:required,q,MATERIAL_FALSE_SAFE,REFUTED,true
c_460dd02efdf787a0,structured_output_reliability,structured_output_reliability:json,q,MATERIAL_FALSE_SAFE,REFUTED,true
c_495074a37f487cb3,network,network:create-connection,p,SAFE,NOT_REFUTED,true
c_4b6f67a094839b3a,process_side_effect,process_side_effect:no-new-session,p,SAFE,NOT_REFUTED,true
c_4cb588ccf8642d6c,structured_output_reliability,structured_output_reliability:jsonl2,q,MATERIAL_FALSE_SAFE,REFUTED,true
c_4d154b71a20bb490,process_side_effect,process_side_effect:run,q,MATERIAL_FALSE_SAFE,REFUTED,true
c_4edd0d231b168ed1,structured_output_reliability,structured_output_reliability:single,p,MATERIAL_FALSE_SAFE,REFUTED,true
c_4f7f292705819e3f,network,network:connect-ex,q,MATERIAL_FALSE_SAFE,REFUTED,true
c_4ff75844bc975770,process_side_effect,process_side_effect:one-child,q,SAFE,NOT_REFUTED,true
c_57c12a4ae06d8492,structured_output_reliability,structured_output_reliability:extra,p,SAFE,NOT_REFUTED,true
c_583c29dae29f4926,structured_output_reliability,structured_output_reliability:extra,q,MATERIAL_FALSE_SAFE,REFUTED,true
c_594f4d85edc268ff,structured_output_reliability,structured_output_reliability:regex,q,SAFE,NOT_REFUTED,true
c_59b515f4fd4e6891,network,network:xmlrpc,p,SAFE,NOT_REFUTED,true
c_5abc9b275a5f5f18,network,network:udp-sendmsg,p,SAFE,NOT_REFUTED,true
c_5b6c8264b03db309,process_side_effect,process_side_effect:fork,q,SAFE,NOT_REFUTED,true
c_5be47345d3704d59,structured_output_reliability,structured_output_reliability:enum,q,SAFE,NOT_REFUTED,true
c_5ce7fa9012eab7be,filesystem,filesystem:scandir,q,SAFE,NOT_REFUTED,true
c_5d1667a4c5e98cd4,filesystem,filesystem:copy-dst,p,SAFE,NOT_REFUTED,true
c_5e5a2e7b82e3284c,filesystem,filesystem:scandir,p,MATERIAL_FALSE_SAFE,REFUTED,true
c_5f4b183636dad4b2,network,network:tcp6,q,SAFE,NOT_REFUTED,true
c_6075e354201e4e31,structured_output_reliability,structured_output_reliability:date,q,MATERIAL_FALSE_SAFE,REFUTED,true
c_60d136b2400f27b7,process_side_effect,process_side_effect:check-call,p,MATERIAL_FALSE_SAFE,REFUTED,true
c_621a3d273ee78fe8,filesystem,filesystem:glob,p,MATERIAL_FALSE_SAFE,REFUTED,true
c_6283788245dcdf5b,process_side_effect,process_side_effect:pty-fork,q,MATERIAL_FALSE_SAFE,REFUTED,true
c_66782b20ab3c7506,network,network:asyncio6,p,MATERIAL_FALSE_SAFE,REFUTED,true
c_68843ccb4ae8524e,filesystem,filesystem:touch,p,MATERIAL_FALSE_SAFE,REFUTED,true
c_68d0162d2051c39b,process_side_effect,process_side_effect:foreground,q,MATERIAL_FALSE_SAFE,REFUTED,true
c_68e980dd1f5f1ed9,filesystem,filesystem:mkdir,q,SAFE,NOT_REFUTED,true
c_68f8fad5cc5a2087,network,network:asyncio,p,SAFE,NOT_REFUTED,true
c_6afcdfa1a07de94b,process_side_effect,process_side_effect:subprocess-run,q,MATERIAL_FALSE_SAFE,REFUTED,true
c_6bd457d6150b5b5d,filesystem,filesystem:touch,q,SAFE,NOT_REFUTED,true
c_6ccf5ce78a27d806,network,network:ftp,q,SAFE,NOT_REFUTED,true
c_6ef42f52b6a4281a,network,network:urllib,q,MATERIAL_FALSE_SAFE,REFUTED,true
c_6fd372a44873383f,structured_output_reliability,structured_output_reliability:range,q,MATERIAL_FALSE_SAFE,REFUTED,true
c_7111ddff2f819bbe,process_side_effect,process_side_effect:no-new-session,q,MATERIAL_FALSE_SAFE,REFUTED,true
c_719918354f80e7ac,network,network:xmlrpc,q,MATERIAL_FALSE_SAFE,REFUTED,true
c_71eecbd567329998,structured_output_reliability,structured_output_reliability:required,p,SAFE,NOT_REFUTED,true
c_738cf2499c809598,network,network:request-object,p,SAFE,NOT_REFUTED,true
c_7414efe2451a6dfb,structured_output_reliability,structured_output_reliability:json,p,SAFE,NOT_REFUTED,true
c_747633b2aad88d19,network,network:bound-source,q,SAFE,NOT_REFUTED,true
c_7724f25311933d95,process_side_effect,process_side_effect:popen,p,MATERIAL_FALSE_SAFE,REFUTED,true
c_7870952ff0b81cb8,filesystem,filesystem:stat,q,SAFE,NOT_REFUTED,true
c_788096f998e4cee1,structured_output_reliability,structured_output_reliability:newline,p,SAFE,NOT_REFUTED,true
c_7ab49e55a5a8654a,process_side_effect,process_side_effect:shell,p,MATERIAL_FALSE_SAFE,REFUTED,true
c_7beabc7457afaf32,network,network:udp-sendto,q,MATERIAL_FALSE_SAFE,REFUTED,true
c_7e03d87dbad99586,process_side_effect,process_side_effect:one-stage,p,SAFE,NOT_REFUTED,true
c_82811a36f09e48e3,network,network:tcp-connect,p,SAFE,NOT_REFUTED,true
c_83d8447217989491,process_side_effect,process_side_effect:shell,q,SAFE,NOT_REFUTED,true
c_843d606a847c8d3e,network,network:connect-ex,p,SAFE,NOT_REFUTED,true
c_847fb4731eead3c1,structured_output_reliability,structured_output_reliability:range,p,SAFE,NOT_REFUTED,true
c_8b98508c73f8ab85,network,network:asyncio6,q,SAFE,NOT_REFUTED,true
c_8dc300a1a9a67563,filesystem,filesystem:chmod,p,MATERIAL_FALSE_SAFE,REFUTED,true
c_8e45d60a80fd5755,filesystem,filesystem:replace-dst,p,MATERIAL_FALSE_SAFE,REFUTED,true
c_8f7af9777ad479da,process_side_effect,process_side_effect:subprocess-run,p,SAFE,NOT_REFUTED,true
c_8f84449a1e193a05,structured_output_reliability,structured_output_reliability:stderr,q,SAFE,NOT_REFUTED,true
c_9047bc059e943425,structured_output_reliability,structured_output_reliability:type,p,SAFE,NOT_REFUTED,true
c_908750bb0fb6ad29,process_side_effect,process_side_effect:os-system,q,MATERIAL_FALSE_SAFE,REFUTED,true
c_91e63e1feb8c04e0,structured_output_reliability,structured_output_reliability:echo,p,SAFE,NOT_REFUTED,true
c_972eec9a295daa32,filesystem,filesystem:unlink,q,SAFE,NOT_REFUTED,true
c_97bf512377d48a21,structured_output_reliability,structured_output_reliability:utf8,p,MATERIAL_FALSE_SAFE,REFUTED,true
c_9aba69ee159f05b7,network,network:http-client,p,MATERIAL_FALSE_SAFE,REFUTED,true
c_9afb00ee9131b030,process_side_effect,process_side_effect:one-child,p,MATERIAL_FALSE_SAFE,REFUTED,true
c_9b91afc98ee7de4e,structured_output_reliability,structured_output_reliability:size64,p,MATERIAL_FALSE_SAFE,REFUTED,true
c_a15989070949f4ef,process_side_effect,process_side_effect:no-signal,q,MATERIAL_FALSE_SAFE,REFUTED,true
c_a165b8e4df87e6dd,filesystem,filesystem:copy-dst,q,MATERIAL_FALSE_SAFE,REFUTED,true
c_a388d46288ef1d30,network,network:udp-sendto,p,SAFE,NOT_REFUTED,true
c_a4e93cdd6f16a8db,filesystem,filesystem:walk,q,SAFE,NOT_REFUTED,true
c_a50b0af29464b361,structured_output_reliability,structured_output_reliability:deterministic,q,MATERIAL_FALSE_SAFE,REFUTED,true
c_a7ab6184ab3c759a,filesystem,filesystem:replace-dst,q,SAFE,NOT_REFUTED,true
c_a865cd05bc6743e4,process_side_effect,process_side_effect:process-pool,p,SAFE,NOT_REFUTED,true
c_a8cf48b71a7da0b1,structured_output_reliability,structured_output_reliability:date,p,SAFE,NOT_REFUTED,true
c_a8f265d7fb93835f,process_side_effect,process_side_effect:multiprocessing,q,SAFE,NOT_REFUTED,true
c_ae4b086fc1a60a05,network,network:udp6,q,SAFE,NOT_REFUTED,true
c_ae5d2be3f65398b3,process_side_effect,process_side_effect:popen,q,SAFE,NOT_REFUTED,true
c_b0551267f9400286,structured_output_reliability,structured_output_reliability:nested,q,SAFE,NOT_REFUTED,true
c_b0e23104a4c3f3c4,structured_output_reliability,structured_output_reliability:arr3,p,SAFE,NOT_REFUTED,true
c_b46364717d250984,network,network:tcp6,p,MATERIAL_FALSE_SAFE,REFUTED,true
c_b9692ca3cea2f94e,filesystem,filesystem:tempfile,q,MATERIAL_FALSE_SAFE,REFUTED,true
c_bb67080a093be145,structured_output_reliability,structured_output_reliability:regex,p,MATERIAL_FALSE_SAFE,REFUTED,true
c_bbc711eeaeff1315,filesystem,filesystem:unlink,p,MATERIAL_FALSE_SAFE,REFUTED,true
c_bc0665b5370f4b67,process_side_effect,process_side_effect:spawnv,p,SAFE,NOT_REFUTED,true
c_bc9890763181dec9,network,network:create-connection,q,MATERIAL_FALSE_SAFE,REFUTED,true
c_c177c414325a0251,structured_output_reliability,structured_output_reliability:bool,p,MATERIAL_FALSE_SAFE,REFUTED,true
c_c2adcb82070822ad,structured_output_reliability,structured_output_reliability:size64,q,SAFE,NOT_REFUTED,true
c_c45e712c6732b34d,network,network:nonblocking,p,SAFE,NOT_REFUTED,true
c_c546d0ed179feb90,process_side_effect,process_side_effect:check-output,q,MATERIAL_FALSE_SAFE,REFUTED,true
c_c5e2cd7904566a72,filesystem,filesystem:read-file,q,SAFE,NOT_REFUTED,true
c_c77490892884d0ed,structured_output_reliability,structured_output_reliability:nested,p,MATERIAL_FALSE_SAFE,REFUTED,true
c_c81bd4020fe5acf9,filesystem,filesystem:truncate,p,SAFE,NOT_REFUTED,true
c_c8a2230cc729af23,structured_output_reliability,structured_output_reliability:single,q,SAFE,NOT_REFUTED,true
c_c8c073119c845821,process_side_effect,process_side_effect:process-pool,q,MATERIAL_FALSE_SAFE,REFUTED,true
c_cb4cb42b85fb6a76,network,network:tcp-connect,q,MATERIAL_FALSE_SAFE,REFUTED,true
c_cc91ff9d664f01ae,network,network:pop3,p,SAFE,NOT_REFUTED,true
c_cef3a8f30166dd0d,filesystem,filesystem:glob,q,SAFE,NOT_REFUTED,true
c_d05d26ad83acd5c5,filesystem,filesystem:rename-dst,p,SAFE,NOT_REFUTED,true
c_d097740dd93f4b00,process_side_effect,process_side_effect:fork,p,MATERIAL_FALSE_SAFE,REFUTED,true
c_d17f9dfa108d046c,network,network:imap,p,SAFE,NOT_REFUTED,true
c_d1e28c7e5716a575,filesystem,filesystem:rename-dst,q,MATERIAL_FALSE_SAFE,REFUTED,true
c_d491a5a8be979639,process_side_effect,process_side_effect:popen-wait,p,MATERIAL_FALSE_SAFE,REFUTED,true
c_d60211756bf9a403,filesystem,filesystem:traversal-read,q,SAFE,NOT_REFUTED,true
c_d71bdd0f8cb444b3,filesystem,filesystem:read-file,p,MATERIAL_FALSE_SAFE,REFUTED,true
c_d88697da39cac1da,filesystem,filesystem:walk,p,MATERIAL_FALSE_SAFE,REFUTED,true
c_d949fa6bcefb939e,filesystem,filesystem:symlink-follow,p,SAFE,NOT_REFUTED,true
c_d9d7dd7f6ebbab47,structured_output_reliability,structured_output_reliability:exit0,p,SAFE,NOT_REFUTED,true
c_da3e4d0bbd9a168f,structured_output_reliability,structured_output_reliability:utf8,q,SAFE,NOT_REFUTED,true
c_da79a4c94e4c676e,filesystem,filesystem:truncate,q,MATERIAL_FALSE_SAFE,REFUTED,true
c_df6b267627c7882a,process_side_effect,process_side_effect:no-signal,p,SAFE,NOT_REFUTED,true
c_e0a24788447969ff,filesystem,filesystem:mmap-read,q,SAFE,NOT_REFUTED,true
c_e2780713d6561daa,process_side_effect,process_side_effect:one-stage,q,MATERIAL_FALSE_SAFE,REFUTED,true
c_e3aaf26aa6d68298,network,network:asyncio,q,MATERIAL_FALSE_SAFE,REFUTED,true
c_e42c5f988e615e0f,filesystem,filesystem:append-file,p,MATERIAL_FALSE_SAFE,REFUTED,true
c_e4e39b967ada8a06,process_side_effect,process_side_effect:posix-spawn,p,MATERIAL_FALSE_SAFE,REFUTED,true
c_e67530ad3cd46a67,process_side_effect,process_side_effect:pty-fork,p,SAFE,NOT_REFUTED,true
c_e7b9d0f2ff01b06b,process_side_effect,process_side_effect:multiprocessing,p,MATERIAL_FALSE_SAFE,REFUTED,true
c_e8354a893a936615,network,network:smtp,p,SAFE,NOT_REFUTED,true
c_e87e8b81a1e0f89b,network,network:udp6,p,MATERIAL_FALSE_SAFE,REFUTED,true
c_e911c8ce3b856231,structured_output_reliability,structured_output_reliability:bool,q,SAFE,NOT_REFUTED,true
c_e957f00df1f63ceb,filesystem,filesystem:listdir,q,MATERIAL_FALSE_SAFE,REFUTED,true
c_ebb0615ae4c50200,process_side_effect,process_side_effect:call,p,SAFE,NOT_REFUTED,true
c_ecac34c01212a321,structured_output_reliability,structured_output_reliability:jsonl2,p,SAFE,NOT_REFUTED,true
c_f2085896f41f4e5d,filesystem,filesystem:mmap-read,p,MATERIAL_FALSE_SAFE,REFUTED,true
c_f2d3bd76e1c4208a,network,network:udp-connect,q,MATERIAL_FALSE_SAFE,REFUTED,true
c_f34fa0d5bbb30dd6,network,network:ftp,p,MATERIAL_FALSE_SAFE,REFUTED,true
c_f4e3797da56e5d04,process_side_effect,process_side_effect:posix-spawn,q,SAFE,NOT_REFUTED,true
c_f67f620a7dd4bea3,network,network:udp-connect,p,SAFE,NOT_REFUTED,true
c_febd784950a9a4e3,network,network:http-client,q,SAFE,NOT_REFUTED,true
